family,method,seed,relearn_corpus,horizon,path,r0,r_t,survival0,survival_t,relearn_growth,survival_decay,conditional_resurrection,conditional_survival,conditional_auc,conditional_num_items,mean_target_margin_growth,conditional_mean_target_margin_growth,retain_nll,refusal_rate
hlc_sg_stress_sweep_k8_ilr0p001_olr0p002_lk1_lr0p1_pen1-2-4-8,hlc_sg_stress_sweep_k8_ilr0p001_olr0p002_lk1_lr0p1_pen1-2-4-8_seed0,0,forget_declarative,8,runs/survival/hlc_stress_sweep_multitime/hlc_sg_stress_sweep_k8_ilr0p001_olr0p002_lk1_lr0p1_pen1-2-4-8_seed0_forget_declarative/survival_curve.csv,0.0,0.1666666666666666,1.0,0.8333333333333334,0.1666666666666666,0.1666666666666666,0.1666666666666666,0.8333333333333334,0.8958333333333334,6,0.1672752698262532,0.1672752698262532,3.6568679809570312,0.0
hlc_sg_stress_sweep_k8_ilr0p001_olr0p002_lk1_lr0p1_pen1-2-4-8,hlc_sg_stress_sweep_k8_ilr0p001_olr0p002_lk1_lr0p1_pen1-2-4-8_seed0,0,forget_declarative,16,runs/survival/hlc_stress_sweep_multitime/hlc_sg_stress_sweep_k8_ilr0p001_olr0p002_lk1_lr0p1_pen1-2-4-8_seed0_forget_declarative/survival_curve.csv,0.0,0.1666666666666666,1.0,0.8333333333333334,0.1666666666666666,0.1666666666666666,0.1666666666666666,0.8333333333333334,0.8645833333333334,6,0.3632415135701497,0.3632415135701497,4.631954193115234,0.0
hlc_sg_stress_sweep_k8_ilr0p001_olr0p002_lk1_lr0p1_pen1-2-4-8,hlc_sg_stress_sweep_k8_ilr0p001_olr0p002_lk1_lr0p1_pen1-2-4-8_seed0,0,forget_declarative,32,runs/survival/hlc_stress_sweep_multitime/hlc_sg_stress_sweep_k8_ilr0p001_olr0p002_lk1_lr0p1_pen1-2-4-8_seed0_forget_declarative/survival_curve.csv,0.0,0.0,1.0,1.0,0.0,0.0,0.0,1.0,0.890625,6,0.3448503812154134,0.3448503812154134,5.2281293869018555,0.0
hlc_sg_stress_sweep_k8_ilr0p001_olr0p002_lk1_lr0p1_pen1-2-4-8,hlc_sg_stress_sweep_k8_ilr0p001_olr0p002_lk1_lr0p1_pen1-2-4-8_seed0,0,forget_declarative,64,runs/survival/hlc_stress_sweep_multitime/hlc_sg_stress_sweep_k8_ilr0p001_olr0p002_lk1_lr0p1_pen1-2-4-8_seed0_forget_declarative/survival_curve.csv,0.0,0.0,1.0,1.0,0.0,0.0,0.0,1.0,0.9453125,6,0.8239636421203613,0.8239636421203613,8.890929222106934,0.0
hlc_sg_stress_sweep_k8_ilr0p001_olr0p002_lk1_lr0p1_pen1-2-4-8,hlc_sg_stress_sweep_k8_ilr0p001_olr0p002_lk1_lr0p1_pen1-2-4-8_seed0,0,forget_declarative,128,runs/survival/hlc_stress_sweep_multitime/hlc_sg_stress_sweep_k8_ilr0p001_olr0p002_lk1_lr0p1_pen1-2-4-8_seed0_forget_declarative/survival_curve.csv,0.0,0.6666666666666666,1.0,0.3333333333333333,0.6666666666666666,0.6666666666666666,0.6666666666666666,0.3333333333333333,0.8059895833333334,6,2.0253456433614097,2.0253456433614097,10.914459228515623,0.0
hlc_sg_stress_sweep_k8_ilr0p001_olr0p002_lk1_lr0p1_pen1-2-4-8,hlc_sg_stress_sweep_k8_ilr0p001_olr0p002_lk1_lr0p1_pen1-2-4-8_seed0,0,forget_mixed_stress,8,runs/survival/hlc_stress_sweep_multitime/hlc_sg_stress_sweep_k8_ilr0p001_olr0p002_lk1_lr0p1_pen1-2-4-8_seed0_forget_mixed_stress/survival_curve.csv,0.0,0.0,1.0,1.0,0.0,0.0,0.0,1.0,1.0,6,0.1364909807840983,0.1364909807840983,3.674520254135132,0.0
hlc_sg_stress_sweep_k8_ilr0p001_olr0p002_lk1_lr0p1_pen1-2-4-8,hlc_sg_stress_sweep_k8_ilr0p001_olr0p002_lk1_lr0p1_pen1-2-4-8_seed0,0,forget_mixed_stress,16,runs/survival/hlc_stress_sweep_multitime/hlc_sg_stress_sweep_k8_ilr0p001_olr0p002_lk1_lr0p1_pen1-2-4-8_seed0_forget_mixed_stress/survival_curve.csv,0.0,0.1666666666666666,1.0,0.8333333333333334,0.1666666666666666,0.1666666666666666,0.1666666666666666,0.8333333333333334,0.9583333333333334,6,0.3013660113016764,0.3013660113016764,3.7365877628326416,0.0
hlc_sg_stress_sweep_k8_ilr0p001_olr0p002_lk1_lr0p1_pen1-2-4-8,hlc_sg_stress_sweep_k8_ilr0p001_olr0p002_lk1_lr0p1_pen1-2-4-8_seed0,0,forget_mixed_stress,32,runs/survival/hlc_stress_sweep_multitime/hlc_sg_stress_sweep_k8_ilr0p001_olr0p002_lk1_lr0p1_pen1-2-4-8_seed0_forget_mixed_stress/survival_curve.csv,0.0,0.0,1.0,1.0,0.0,0.0,0.0,1.0,0.9375,6,0.2576759656270345,0.2576759656270345,4.270162105560303,0.0
hlc_sg_stress_sweep_k8_ilr0p001_olr0p002_lk1_lr0p1_pen1-2-4-8,hlc_sg_stress_sweep_k8_ilr0p001_olr0p002_lk1_lr0p1_pen1-2-4-8_seed0,0,forget_mixed_stress,64,runs/survival/hlc_stress_sweep_multitime/hlc_sg_stress_sweep_k8_ilr0p001_olr0p002_lk1_lr0p1_pen1-2-4-8_seed0_forget_mixed_stress/survival_curve.csv,0.0,0.1666666666666666,1.0,0.8333333333333334,0.1666666666666666,0.1666666666666666,0.1666666666666666,0.8333333333333334,0.9270833333333334,6,1.6286816596984863,1.6286816596984863,4.081830024719238,0.0
hlc_sg_stress_sweep_k8_ilr0p001_olr0p002_lk1_lr0p1_pen1-2-4-8,hlc_sg_stress_sweep_k8_ilr0p001_olr0p002_lk1_lr0p1_pen1-2-4-8_seed0,0,forget_mixed_stress,128,runs/survival/hlc_stress_sweep_multitime/hlc_sg_stress_sweep_k8_ilr0p001_olr0p002_lk1_lr0p1_pen1-2-4-8_seed0_forget_mixed_stress/survival_curve.csv,0.0,1.0,1.0,0.0,1.0,1.0,1.0,0.0,0.671875,6,3.005101203918457,3.005101203918457,4.340821266174316,0.0
hlc_sg_stress_sweep_k8_ilr0p001_olr0p002_lk1_lr0p1_pen1-2-4-8,hlc_sg_stress_sweep_k8_ilr0p001_olr0p002_lk1_lr0p1_pen1-2-4-8_seed0,0,forget_paraphrase_qa,8,runs/survival/hlc_stress_sweep_multitime/hlc_sg_stress_sweep_k8_ilr0p001_olr0p002_lk1_lr0p1_pen1-2-4-8_seed0_forget_paraphrase_qa/survival_curve.csv,0.0,0.0,1.0,1.0,0.0,0.0,0.0,1.0,1.0,6,0.1351866722106933,0.1351866722106933,3.6666085720062256,0.0
hlc_sg_stress_sweep_k8_ilr0p001_olr0p002_lk1_lr0p1_pen1-2-4-8,hlc_sg_stress_sweep_k8_ilr0p001_olr0p002_lk1_lr0p1_pen1-2-4-8_seed0,0,forget_paraphrase_qa,16,runs/survival/hlc_stress_sweep_multitime/hlc_sg_stress_sweep_k8_ilr0p001_olr0p002_lk1_lr0p1_pen1-2-4-8_seed0_forget_paraphrase_qa/survival_curve.csv,0.0,0.1666666666666666,1.0,0.8333333333333334,0.1666666666666666,0.1666666666666666,0.1666666666666666,0.8333333333333334,0.9583333333333334,6,0.3077131907145182,0.3077131907145182,3.72588849067688,0.0
hlc_sg_stress_sweep_k8_ilr0p001_olr0p002_lk1_lr0p1_pen1-2-4-8,hlc_sg_stress_sweep_k8_ilr0p001_olr0p002_lk1_lr0p1_pen1-2-4-8_seed0,0,forget_paraphrase_qa,32,runs/survival/hlc_stress_sweep_multitime/hlc_sg_stress_sweep_k8_ilr0p001_olr0p002_lk1_lr0p1_pen1-2-4-8_seed0_forget_paraphrase_qa/survival_curve.csv,0.0,0.1666666666666666,1.0,0.8333333333333334,0.1666666666666666,0.1666666666666666,0.1666666666666666,0.8333333333333334,0.8958333333333334,6,0.7762556076049805,0.7762556076049805,3.878838062286377,0.0
hlc_sg_stress_sweep_k8_ilr0p001_olr0p002_lk1_lr0p1_pen1-2-4-8,hlc_sg_stress_sweep_k8_ilr0p001_olr0p002_lk1_lr0p1_pen1-2-4-8_seed0,0,forget_paraphrase_qa,64,runs/survival/hlc_stress_sweep_multitime/hlc_sg_stress_sweep_k8_ilr0p001_olr0p002_lk1_lr0p1_pen1-2-4-8_seed0_forget_paraphrase_qa/survival_curve.csv,0.0,1.0,1.0,0.0,1.0,1.0,1.0,0.0,0.65625,6,3.3461878299713135,3.3461878299713135,4.055136203765869,0.0
hlc_sg_stress_sweep_k8_ilr0p001_olr0p002_lk1_lr0p1_pen1-2-4-8,hlc_sg_stress_sweep_k8_ilr0p001_olr0p002_lk1_lr0p1_pen1-2-4-8_seed0,0,forget_paraphrase_qa,128,runs/survival/hlc_stress_sweep_multitime/hlc_sg_stress_sweep_k8_ilr0p001_olr0p002_lk1_lr0p1_pen1-2-4-8_seed0_forget_paraphrase_qa/survival_curve.csv,0.0,1.0,1.0,0.0,1.0,1.0,1.0,0.0,0.328125,6,5.620416482289632,5.620416482289632,4.391875743865967,0.0
hlc_sg_stress_sweep_k8_ilr0p001_olr0p002_lk1p25_lr0p1_pen1-2-4-8,hlc_sg_stress_sweep_k8_ilr0p001_olr0p002_lk1p25_lr0p1_pen1-2-4-8_seed0,0,forget_declarative,8,runs/survival/hlc_stress_sweep_multitime/hlc_sg_stress_sweep_k8_ilr0p001_olr0p002_lk1p25_lr0p1_pen1-2-4-8_seed0_forget_declarative/survival_curve.csv,0.0,0.0,1.0,1.0,0.0,0.0,0.0,1.0,0.9375,6,0.1060608228047688,0.1060608228047688,3.6957333087921143,0.0
hlc_sg_stress_sweep_k8_ilr0p001_olr0p002_lk1p25_lr0p1_pen1-2-4-8,hlc_sg_stress_sweep_k8_ilr0p001_olr0p002_lk1p25_lr0p1_pen1-2-4-8_seed0,0,forget_declarative,16,runs/survival/hlc_stress_sweep_multitime/hlc_sg_stress_sweep_k8_ilr0p001_olr0p002_lk1p25_lr0p1_pen1-2-4-8_seed0_forget_declarative/survival_curve.csv,0.0,0.1666666666666666,1.0,0.8333333333333334,0.1666666666666666,0.1666666666666666,0.1666666666666666,0.8333333333333334,0.9270833333333334,6,0.3296990394592285,0.3296990394592285,3.729907989501953,0.0
hlc_sg_stress_sweep_k8_ilr0p001_olr0p002_lk1p25_lr0p1_pen1-2-4-8,hlc_sg_stress_sweep_k8_ilr0p001_olr0p002_lk1p25_lr0p1_pen1-2-4-8_seed0,0,forget_declarative,32,runs/survival/hlc_stress_sweep_multitime/hlc_sg_stress_sweep_k8_ilr0p001_olr0p002_lk1p25_lr0p1_pen1-2-4-8_seed0_forget_declarative/survival_curve.csv,0.0,0.0,1.0,1.0,0.0,0.0,0.0,1.0,0.921875,6,0.0825881958007812,0.0825881958007812,5.373965263366699,0.0
hlc_sg_stress_sweep_k8_ilr0p001_olr0p002_lk1p25_lr0p1_pen1-2-4-8,hlc_sg_stress_sweep_k8_ilr0p001_olr0p002_lk1p25_lr0p1_pen1-2-4-8_seed0,0,forget_declarative,64,runs/survival/hlc_stress_sweep_multitime/hlc_sg_stress_sweep_k8_ilr0p001_olr0p002_lk1p25_lr0p1_pen1-2-4-8_seed0_forget_declarative/survival_curve.csv,0.0,0.1666666666666666,1.0,0.8333333333333334,0.1666666666666666,0.1666666666666666,0.1666666666666666,0.8333333333333334,0.9192708333333334,6,1.0000637372334795,1.0000637372334795,7.517396926879883,0.0
hlc_sg_stress_sweep_k8_ilr0p001_olr0p002_lk1p25_lr0p1_pen1-2-4-8,hlc_sg_stress_sweep_k8_ilr0p001_olr0p002_lk1p25_lr0p1_pen1-2-4-8_seed0,0,forget_declarative,128,runs/survival/hlc_stress_sweep_multitime/hlc_sg_stress_sweep_k8_ilr0p001_olr0p002_lk1p25_lr0p1_pen1-2-4-8_seed0_forget_declarative/survival_curve.csv,0.0,0.8333333333333334,1.0,0.1666666666666666,0.8333333333333334,0.8333333333333334,0.8333333333333334,0.1666666666666666,0.7096354166666667,6,2.478362719217936,2.478362719217936,8.460554122924805,0.0
hlc_sg_stress_sweep_k8_ilr0p001_olr0p002_lk1p25_lr0p1_pen1-2-4-8,hlc_sg_stress_sweep_k8_ilr0p001_olr0p002_lk1p25_lr0p1_pen1-2-4-8_seed0,0,forget_mixed_stress,8,runs/survival/hlc_stress_sweep_multitime/hlc_sg_stress_sweep_k8_ilr0p001_olr0p002_lk1p25_lr0p1_pen1-2-4-8_seed0_forget_mixed_stress/survival_curve.csv,0.0,0.0,1.0,1.0,0.0,0.0,0.0,1.0,1.0,6,0.1240277290344238,0.1240277290344238,3.673799514770508,0.0
hlc_sg_stress_sweep_k8_ilr0p001_olr0p002_lk1p25_lr0p1_pen1-2-4-8,hlc_sg_stress_sweep_k8_ilr0p001_olr0p002_lk1p25_lr0p1_pen1-2-4-8_seed0,0,forget_mixed_stress,16,runs/survival/hlc_stress_sweep_multitime/hlc_sg_stress_sweep_k8_ilr0p001_olr0p002_lk1p25_lr0p1_pen1-2-4-8_seed0_forget_mixed_stress/survival_curve.csv,0.0,0.0,1.0,1.0,0.0,0.0,0.0,1.0,1.0,6,-0.1822957992553711,-0.1822957992553711,3.7286252975463863,0.0
hlc_sg_stress_sweep_k8_ilr0p001_olr0p002_lk1p25_lr0p1_pen1-2-4-8,hlc_sg_stress_sweep_k8_ilr0p001_olr0p002_lk1p25_lr0p1_pen1-2-4-8_seed0,0,forget_mixed_stress,32,runs/survival/hlc_stress_sweep_multitime/hlc_sg_stress_sweep_k8_ilr0p001_olr0p002_lk1p25_lr0p1_pen1-2-4-8_seed0_forget_mixed_stress/survival_curve.csv,0.0,0.1666666666666666,1.0,0.8333333333333334,0.1666666666666666,0.1666666666666666,0.1666666666666666,0.8333333333333334,0.9583333333333334,6,0.6328144073486328,0.6328144073486328,3.851771116256714,0.0
hlc_sg_stress_sweep_k8_ilr0p001_olr0p002_lk1p25_lr0p1_pen1-2-4-8,hlc_sg_stress_sweep_k8_ilr0p001_olr0p002_lk1p25_lr0p1_pen1-2-4-8_seed0,0,forget_mixed_stress,64,runs/survival/hlc_stress_sweep_multitime/hlc_sg_stress_sweep_k8_ilr0p001_olr0p002_lk1p25_lr0p1_pen1-2-4-8_seed0_forget_mixed_stress/survival_curve.csv,0.0,0.1666666666666666,1.0,0.8333333333333334,0.1666666666666666,0.1666666666666666,0.1666666666666666,0.8333333333333334,0.8958333333333334,6,1.683047930399577,1.683047930399577,4.033986568450928,0.0
hlc_sg_stress_sweep_k8_ilr0p001_olr0p002_lk1p25_lr0p1_pen1-2-4-8,hlc_sg_stress_sweep_k8_ilr0p001_olr0p002_lk1p25_lr0p1_pen1-2-4-8_seed0,0,forget_mixed_stress,128,runs/survival/hlc_stress_sweep_multitime/hlc_sg_stress_sweep_k8_ilr0p001_olr0p002_lk1p25_lr0p1_pen1-2-4-8_seed0_forget_mixed_stress/survival_curve.csv,0.0,1.0,1.0,0.0,1.0,1.0,1.0,0.0,0.65625,6,3.06861941019694,3.06861941019694,4.7419233322143555,0.0
hlc_sg_stress_sweep_k8_ilr0p001_olr0p002_lk1p25_lr0p1_pen1-2-4-8,hlc_sg_stress_sweep_k8_ilr0p001_olr0p002_lk1p25_lr0p1_pen1-2-4-8_seed0,0,forget_paraphrase_qa,8,runs/survival/hlc_stress_sweep_multitime/hlc_sg_stress_sweep_k8_ilr0p001_olr0p002_lk1p25_lr0p1_pen1-2-4-8_seed0_forget_paraphrase_qa/survival_curve.csv,0.0,0.0,1.0,1.0,0.0,0.0,0.0,1.0,1.0,6,0.1186200777689616,0.1186200777689616,3.671248435974121,0.0
hlc_sg_stress_sweep_k8_ilr0p001_olr0p002_lk1p25_lr0p1_pen1-2-4-8,hlc_sg_stress_sweep_k8_ilr0p001_olr0p002_lk1p25_lr0p1_pen1-2-4-8_seed0,0,forget_paraphrase_qa,16,runs/survival/hlc_stress_sweep_multitime/hlc_sg_stress_sweep_k8_ilr0p001_olr0p002_lk1p25_lr0p1_pen1-2-4-8_seed0_forget_paraphrase_qa/survival_curve.csv,0.0,0.1666666666666666,1.0,0.8333333333333334,0.1666666666666666,0.1666666666666666,0.1666666666666666,0.8333333333333334,0.9583333333333334,6,0.305607000986735,0.305607000986735,3.73307204246521,0.0
hlc_sg_stress_sweep_k8_ilr0p001_olr0p002_lk1p25_lr0p1_pen1-2-4-8,hlc_sg_stress_sweep_k8_ilr0p001_olr0p002_lk1p25_lr0p1_pen1-2-4-8_seed0,0,forget_paraphrase_qa,32,runs/survival/hlc_stress_sweep_multitime/hlc_sg_stress_sweep_k8_ilr0p001_olr0p002_lk1p25_lr0p1_pen1-2-4-8_seed0_forget_paraphrase_qa/survival_curve.csv,0.0,0.1666666666666666,1.0,0.8333333333333334,0.1666666666666666,0.1666666666666666,0.1666666666666666,0.8333333333333334,0.8958333333333334,6,0.7353502909342448,0.7353502909342448,3.8886923789978023,0.0
hlc_sg_stress_sweep_k8_ilr0p001_olr0p002_lk1p25_lr0p1_pen1-2-4-8,hlc_sg_stress_sweep_k8_ilr0p001_olr0p002_lk1p25_lr0p1_pen1-2-4-8_seed0,0,forget_paraphrase_qa,64,runs/survival/hlc_stress_sweep_multitime/hlc_sg_stress_sweep_k8_ilr0p001_olr0p002_lk1p25_lr0p1_pen1-2-4-8_seed0_forget_paraphrase_qa/survival_curve.csv,0.0,0.3333333333333333,1.0,0.6666666666666667,0.3333333333333333,0.3333333333333332,0.3333333333333333,0.6666666666666667,0.8229166666666667,6,2.028413931528727,2.028413931528727,4.096229553222656,0.0
hlc_sg_stress_sweep_k8_ilr0p001_olr0p002_lk1p25_lr0p1_pen1-2-4-8,hlc_sg_stress_sweep_k8_ilr0p001_olr0p002_lk1p25_lr0p1_pen1-2-4-8_seed0,0,forget_paraphrase_qa,128,runs/survival/hlc_stress_sweep_multitime/hlc_sg_stress_sweep_k8_ilr0p001_olr0p002_lk1p25_lr0p1_pen1-2-4-8_seed0_forget_paraphrase_qa/survival_curve.csv,0.0,1.0,1.0,0.0,1.0,1.0,1.0,0.0,0.578125,6,4.671387990315755,4.671387990315755,4.46917200088501,0.0
hlc_sg_stress_sweep_k8_ilr0p001_olr0p002_lk1p5_lr0p1_pen1-2-4-8,hlc_sg_stress_sweep_k8_ilr0p001_olr0p002_lk1p5_lr0p1_pen1-2-4-8_seed0,0,forget_declarative,8,runs/survival/hlc_stress_sweep_multitime/hlc_sg_stress_sweep_k8_ilr0p001_olr0p002_lk1p5_lr0p1_pen1-2-4-8_seed0_forget_declarative/survival_curve.csv,0.0,0.1666666666666666,1.0,0.8333333333333334,0.1666666666666666,0.1666666666666666,0.1666666666666666,0.8333333333333334,0.8958333333333334,6,0.1802010536193847,0.1802010536193847,3.660730361938477,0.0
hlc_sg_stress_sweep_k8_ilr0p001_olr0p002_lk1p5_lr0p1_pen1-2-4-8,hlc_sg_stress_sweep_k8_ilr0p001_olr0p002_lk1p5_lr0p1_pen1-2-4-8_seed0,0,forget_declarative,16,runs/survival/hlc_stress_sweep_multitime/hlc_sg_stress_sweep_k8_ilr0p001_olr0p002_lk1p5_lr0p1_pen1-2-4-8_seed0_forget_declarative/survival_curve.csv,0.0,0.1666666666666666,1.0,0.8333333333333334,0.1666666666666666,0.1666666666666666,0.1666666666666666,0.8333333333333334,0.8645833333333334,6,0.3609323501586914,0.3609323501586914,4.59873104095459,0.0
hlc_sg_stress_sweep_k8_ilr0p001_olr0p002_lk1p5_lr0p1_pen1-2-4-8,hlc_sg_stress_sweep_k8_ilr0p001_olr0p002_lk1p5_lr0p1_pen1-2-4-8_seed0,0,forget_declarative,32,runs/survival/hlc_stress_sweep_multitime/hlc_sg_stress_sweep_k8_ilr0p001_olr0p002_lk1p5_lr0p1_pen1-2-4-8_seed0_forget_declarative/survival_curve.csv,0.0,0.1666666666666666,1.0,0.8333333333333334,0.1666666666666666,0.1666666666666666,0.1666666666666666,0.8333333333333334,0.8489583333333334,6,0.6728035608927408,0.6728035608927408,3.998509645462036,0.0
hlc_sg_stress_sweep_k8_ilr0p001_olr0p002_lk1p5_lr0p1_pen1-2-4-8,hlc_sg_stress_sweep_k8_ilr0p001_olr0p002_lk1p5_lr0p1_pen1-2-4-8_seed0,0,forget_declarative,64,runs/survival/hlc_stress_sweep_multitime/hlc_sg_stress_sweep_k8_ilr0p001_olr0p002_lk1p5_lr0p1_pen1-2-4-8_seed0_forget_declarative/survival_curve.csv,0.0,0.1666666666666666,1.0,0.8333333333333334,0.1666666666666666,0.1666666666666666,0.1666666666666666,0.8333333333333334,0.8411458333333334,6,1.0201276143391926,1.0201276143391926,7.918751239776611,0.0
hlc_sg_stress_sweep_k8_ilr0p001_olr0p002_lk1p5_lr0p1_pen1-2-4-8,hlc_sg_stress_sweep_k8_ilr0p001_olr0p002_lk1p5_lr0p1_pen1-2-4-8_seed0,0,forget_declarative,128,runs/survival/hlc_stress_sweep_multitime/hlc_sg_stress_sweep_k8_ilr0p001_olr0p002_lk1p5_lr0p1_pen1-2-4-8_seed0_forget_declarative/survival_curve.csv,0.0,0.8333333333333334,1.0,0.1666666666666666,0.8333333333333334,0.8333333333333334,0.8333333333333334,0.1666666666666666,0.6705729166666667,6,2.573911507924398,2.573911507924398,8.542010307312012,0.0
hlc_sg_stress_sweep_k8_ilr0p001_olr0p002_lk1p5_lr0p1_pen1-2-4-8,hlc_sg_stress_sweep_k8_ilr0p001_olr0p002_lk1p5_lr0p1_pen1-2-4-8_seed0,0,forget_mixed_stress,8,runs/survival/hlc_stress_sweep_multitime/hlc_sg_stress_sweep_k8_ilr0p001_olr0p002_lk1p5_lr0p1_pen1-2-4-8_seed0_forget_mixed_stress/survival_curve.csv,0.0,0.0,1.0,1.0,0.0,0.0,0.0,1.0,1.0,6,0.1305748621622721,0.1305748621622721,3.673555374145508,0.0
hlc_sg_stress_sweep_k8_ilr0p001_olr0p002_lk1p5_lr0p1_pen1-2-4-8,hlc_sg_stress_sweep_k8_ilr0p001_olr0p002_lk1p5_lr0p1_pen1-2-4-8_seed0,0,forget_mixed_stress,16,runs/survival/hlc_stress_sweep_multitime/hlc_sg_stress_sweep_k8_ilr0p001_olr0p002_lk1p5_lr0p1_pen1-2-4-8_seed0_forget_mixed_stress/survival_curve.csv,0.0,0.1666666666666666,1.0,0.8333333333333334,0.1666666666666666,0.1666666666666666,0.1666666666666666,0.8333333333333334,0.9583333333333334,6,0.2926135063171386,0.2926135063171386,3.731976270675659,0.0
hlc_sg_stress_sweep_k8_ilr0p001_olr0p002_lk1p5_lr0p1_pen1-2-4-8,hlc_sg_stress_sweep_k8_ilr0p001_olr0p002_lk1p5_lr0p1_pen1-2-4-8_seed0,0,forget_mixed_stress,32,runs/survival/hlc_stress_sweep_multitime/hlc_sg_stress_sweep_k8_ilr0p001_olr0p002_lk1p5_lr0p1_pen1-2-4-8_seed0_forget_mixed_stress/survival_curve.csv,0.0,0.1666666666666666,1.0,0.8333333333333334,0.1666666666666666,0.1666666666666666,0.1666666666666666,0.8333333333333334,0.8958333333333334,6,0.6851711273193359,0.6851711273193359,3.863893508911133,0.0
hlc_sg_stress_sweep_k8_ilr0p001_olr0p002_lk1p5_lr0p1_pen1-2-4-8,hlc_sg_stress_sweep_k8_ilr0p001_olr0p002_lk1p5_lr0p1_pen1-2-4-8_seed0,0,forget_mixed_stress,64,runs/survival/hlc_stress_sweep_multitime/hlc_sg_stress_sweep_k8_ilr0p001_olr0p002_lk1p5_lr0p1_pen1-2-4-8_seed0_forget_mixed_stress/survival_curve.csv,0.0,0.3333333333333333,1.0,0.6666666666666667,0.3333333333333333,0.3333333333333332,0.3333333333333333,0.6666666666666667,0.8229166666666667,6,1.8947208722432456,1.8947208722432456,4.019814968109131,0.0
hlc_sg_stress_sweep_k8_ilr0p001_olr0p002_lk1p5_lr0p1_pen1-2-4-8,hlc_sg_stress_sweep_k8_ilr0p001_olr0p002_lk1p5_lr0p1_pen1-2-4-8_seed0,0,forget_mixed_stress,128,runs/survival/hlc_stress_sweep_multitime/hlc_sg_stress_sweep_k8_ilr0p001_olr0p002_lk1p5_lr0p1_pen1-2-4-8_seed0_forget_mixed_stress/survival_curve.csv,0.0,1.0,1.0,0.0,1.0,1.0,1.0,0.0,0.578125,6,6.360915819803874,6.360915819803874,4.3032965660095215,0.0
hlc_sg_stress_sweep_k8_ilr0p001_olr0p002_lk1p5_lr0p1_pen1-2-4-8,hlc_sg_stress_sweep_k8_ilr0p001_olr0p002_lk1p5_lr0p1_pen1-2-4-8_seed0,0,forget_paraphrase_qa,8,runs/survival/hlc_stress_sweep_multitime/hlc_sg_stress_sweep_k8_ilr0p001_olr0p002_lk1p5_lr0p1_pen1-2-4-8_seed0_forget_paraphrase_qa/survival_curve.csv,0.0,0.1666666666666666,1.0,0.8333333333333334,0.1666666666666666,0.1666666666666666,0.1666666666666666,0.8333333333333334,0.9583333333333334,6,0.1374408404032389,0.1374408404032389,3.6658103466033936,0.0
hlc_sg_stress_sweep_k8_ilr0p001_olr0p002_lk1p5_lr0p1_pen1-2-4-8,hlc_sg_stress_sweep_k8_ilr0p001_olr0p002_lk1p5_lr0p1_pen1-2-4-8_seed0,0,forget_paraphrase_qa,16,runs/survival/hlc_stress_sweep_multitime/hlc_sg_stress_sweep_k8_ilr0p001_olr0p002_lk1p5_lr0p1_pen1-2-4-8_seed0_forget_paraphrase_qa/survival_curve.csv,0.0,0.1666666666666666,1.0,0.8333333333333334,0.1666666666666666,0.1666666666666666,0.1666666666666666,0.8333333333333334,0.8958333333333334,6,0.3137097358703613,0.3137097358703613,3.719863414764404,0.0
hlc_sg_stress_sweep_k8_ilr0p001_olr0p002_lk1p5_lr0p1_pen1-2-4-8,hlc_sg_stress_sweep_k8_ilr0p001_olr0p002_lk1p5_lr0p1_pen1-2-4-8_seed0,0,forget_paraphrase_qa,32,runs/survival/hlc_stress_sweep_multitime/hlc_sg_stress_sweep_k8_ilr0p001_olr0p002_lk1p5_lr0p1_pen1-2-4-8_seed0_forget_paraphrase_qa/survival_curve.csv,0.0,0.1666666666666666,1.0,0.8333333333333334,0.1666666666666666,0.1666666666666666,0.1666666666666666,0.8333333333333334,0.8645833333333334,6,0.7723120053609213,0.7723120053609213,3.869131565093994,0.0
hlc_sg_stress_sweep_k8_ilr0p001_olr0p002_lk1p5_lr0p1_pen1-2-4-8,hlc_sg_stress_sweep_k8_ilr0p001_olr0p002_lk1p5_lr0p1_pen1-2-4-8_seed0,0,forget_paraphrase_qa,64,runs/survival/hlc_stress_sweep_multitime/hlc_sg_stress_sweep_k8_ilr0p001_olr0p002_lk1p5_lr0p1_pen1-2-4-8_seed0_forget_paraphrase_qa/survival_curve.csv,0.0,1.0,1.0,0.0,1.0,1.0,1.0,0.0,0.640625,6,6.6361903349558515,6.6361903349558515,4.065725326538086,0.0
hlc_sg_stress_sweep_k8_ilr0p001_olr0p002_lk1p5_lr0p1_pen1-2-4-8,hlc_sg_stress_sweep_k8_ilr0p001_olr0p002_lk1p5_lr0p1_pen1-2-4-8_seed0,0,forget_paraphrase_qa,128,runs/survival/hlc_stress_sweep_multitime/hlc_sg_stress_sweep_k8_ilr0p001_olr0p002_lk1p5_lr0p1_pen1-2-4-8_seed0_forget_paraphrase_qa/survival_curve.csv,0.0,1.0,1.0,0.0,1.0,1.0,1.0,0.0,0.3203125,6,4.478762070337932,4.478762070337932,4.408198356628418,0.0
hlc_sg_stress_sweep_k8_ilr0p001_olr0p002_lk1p75_lr0p1_pen1-2-4-8,hlc_sg_stress_sweep_k8_ilr0p001_olr0p002_lk1p75_lr0p1_pen1-2-4-8_seed0,0,forget_declarative,8,runs/survival/hlc_stress_sweep_multitime/hlc_sg_stress_sweep_k8_ilr0p001_olr0p002_lk1p75_lr0p1_pen1-2-4-8_seed0_forget_declarative/survival_curve.csv,0.1666666666666666,0.0,0.8333333333333334,1.0,-0.1666666666666666,-0.1666666666666666,0.0,1.0,1.0,5,0.0158020655314127,0.1875574111938476,4.575453281402588,0.0
hlc_sg_stress_sweep_k8_ilr0p001_olr0p002_lk1p75_lr0p1_pen1-2-4-8,hlc_sg_stress_sweep_k8_ilr0p001_olr0p002_lk1p75_lr0p1_pen1-2-4-8_seed0,0,forget_declarative,16,runs/survival/hlc_stress_sweep_multitime/hlc_sg_stress_sweep_k8_ilr0p001_olr0p002_lk1p75_lr0p1_pen1-2-4-8_seed0_forget_declarative/survival_curve.csv,0.1666666666666666,0.1666666666666666,0.8333333333333334,0.8333333333333334,0.0,0.0,0.0,1.0,1.0,5,0.3284718195597331,0.3368057250976562,4.607862949371338,0.0
hlc_sg_stress_sweep_k8_ilr0p001_olr0p002_lk1p75_lr0p1_pen1-2-4-8,hlc_sg_stress_sweep_k8_ilr0p001_olr0p002_lk1p75_lr0p1_pen1-2-4-8_seed0,0,forget_declarative,32,runs/survival/hlc_stress_sweep_multitime/hlc_sg_stress_sweep_k8_ilr0p001_olr0p002_lk1p75_lr0p1_pen1-2-4-8_seed0_forget_declarative/survival_curve.csv,0.1666666666666666,0.0,0.8333333333333334,1.0,-0.1666666666666666,-0.1666666666666666,0.0,1.0,1.0,5,0.1633833249409993,0.666563606262207,5.3057990074157715,0.0
hlc_sg_stress_sweep_k8_ilr0p001_olr0p002_lk1p75_lr0p1_pen1-2-4-8,hlc_sg_stress_sweep_k8_ilr0p001_olr0p002_lk1p75_lr0p1_pen1-2-4-8_seed0,0,forget_declarative,64,runs/survival/hlc_stress_sweep_multitime/hlc_sg_stress_sweep_k8_ilr0p001_olr0p002_lk1p75_lr0p1_pen1-2-4-8_seed0_forget_declarative/survival_curve.csv,0.1666666666666666,0.1666666666666666,0.8333333333333334,0.8333333333333334,0.0,0.0,0.0,1.0,1.0,5,1.0213871002197266,1.2246885299682615,6.2644195556640625,0.0
hlc_sg_stress_sweep_k8_ilr0p001_olr0p002_lk1p75_lr0p1_pen1-2-4-8,hlc_sg_stress_sweep_k8_ilr0p001_olr0p002_lk1p75_lr0p1_pen1-2-4-8_seed0,0,forget_declarative,128,runs/survival/hlc_stress_sweep_multitime/hlc_sg_stress_sweep_k8_ilr0p001_olr0p002_lk1p75_lr0p1_pen1-2-4-8_seed0_forget_declarative/survival_curve.csv,0.1666666666666666,0.8333333333333334,0.8333333333333334,0.1666666666666666,0.6666666666666667,0.6666666666666667,0.8,0.1999999999999999,0.8,5,2.427109400431315,2.606172561645508,9.357993125915527,0.0
hlc_sg_stress_sweep_k8_ilr0p001_olr0p002_lk1p75_lr0p1_pen1-2-4-8,hlc_sg_stress_sweep_k8_ilr0p001_olr0p002_lk1p75_lr0p1_pen1-2-4-8_seed0,0,forget_mixed_stress,8,runs/survival/hlc_stress_sweep_multitime/hlc_sg_stress_sweep_k8_ilr0p001_olr0p002_lk1p75_lr0p1_pen1-2-4-8_seed0_forget_mixed_stress/survival_curve.csv,0.1666666666666666,0.1666666666666666,0.8333333333333334,0.8333333333333334,0.0,0.0,0.0,1.0,1.0,5,0.1376538276672363,0.1619752883911132,3.674627542495727,0.0
hlc_sg_stress_sweep_k8_ilr0p001_olr0p002_lk1p75_lr0p1_pen1-2-4-8,hlc_sg_stress_sweep_k8_ilr0p001_olr0p002_lk1p75_lr0p1_pen1-2-4-8_seed0,0,forget_mixed_stress,16,runs/survival/hlc_stress_sweep_multitime/hlc_sg_stress_sweep_k8_ilr0p001_olr0p002_lk1p75_lr0p1_pen1-2-4-8_seed0_forget_mixed_stress/survival_curve.csv,0.1666666666666666,0.0,0.8333333333333334,1.0,-0.1666666666666666,-0.1666666666666666,0.0,1.0,1.0,5,-0.1865703264872233,0.3135772705078125,4.623305320739746,0.0
hlc_sg_stress_sweep_k8_ilr0p001_olr0p002_lk1p75_lr0p1_pen1-2-4-8,hlc_sg_stress_sweep_k8_ilr0p001_olr0p002_lk1p75_lr0p1_pen1-2-4-8_seed0,0,forget_mixed_stress,32,runs/survival/hlc_stress_sweep_multitime/hlc_sg_stress_sweep_k8_ilr0p001_olr0p002_lk1p75_lr0p1_pen1-2-4-8_seed0_forget_mixed_stress/survival_curve.csv,0.1666666666666666,0.1666666666666666,0.8333333333333334,0.8333333333333334,0.0,0.0,0.0,1.0,1.0,5,0.5762581825256348,0.6347049713134766,3.847945213317871,0.0
hlc_sg_stress_sweep_k8_ilr0p001_olr0p002_lk1p75_lr0p1_pen1-2-4-8,hlc_sg_stress_sweep_k8_ilr0p001_olr0p002_lk1p75_lr0p1_pen1-2-4-8_seed0,0,forget_mixed_stress,64,runs/survival/hlc_stress_sweep_multitime/hlc_sg_stress_sweep_k8_ilr0p001_olr0p002_lk1p75_lr0p1_pen1-2-4-8_seed0_forget_mixed_stress/survival_curve.csv,0.1666666666666666,0.1666666666666666,0.8333333333333334,0.8333333333333334,0.0,0.0,0.0,1.0,1.0,5,1.3731470108032229,1.4647220611572265,4.066610813140869,0.0
hlc_sg_stress_sweep_k8_ilr0p001_olr0p002_lk1p75_lr0p1_pen1-2-4-8,hlc_sg_stress_sweep_k8_ilr0p001_olr0p002_lk1p75_lr0p1_pen1-2-4-8_seed0,0,forget_mixed_stress,128,runs/survival/hlc_stress_sweep_multitime/hlc_sg_stress_sweep_k8_ilr0p001_olr0p002_lk1p75_lr0p1_pen1-2-4-8_seed0_forget_mixed_stress/survival_curve.csv,0.1666666666666666,1.0,0.8333333333333334,0.0,0.8333333333333334,0.8333333333333334,1.0,0.0,0.75,5,2.906245231628418,2.9234296798706056,4.323144912719727,0.0
hlc_sg_stress_sweep_k8_ilr0p001_olr0p002_lk1p75_lr0p1_pen1-2-4-8,hlc_sg_stress_sweep_k8_ilr0p001_olr0p002_lk1p75_lr0p1_pen1-2-4-8_seed0,0,forget_paraphrase_qa,8,runs/survival/hlc_stress_sweep_multitime/hlc_sg_stress_sweep_k8_ilr0p001_olr0p002_lk1p75_lr0p1_pen1-2-4-8_seed0_forget_paraphrase_qa/survival_curve.csv,0.1666666666666666,0.1666666666666666,0.8333333333333334,0.8333333333333334,0.0,0.0,0.0,1.0,1.0,5,0.1294773419698079,0.150531005859375,3.667867422103882,0.0
hlc_sg_stress_sweep_k8_ilr0p001_olr0p002_lk1p75_lr0p1_pen1-2-4-8,hlc_sg_stress_sweep_k8_ilr0p001_olr0p002_lk1p75_lr0p1_pen1-2-4-8_seed0,0,forget_paraphrase_qa,16,runs/survival/hlc_stress_sweep_multitime/hlc_sg_stress_sweep_k8_ilr0p001_olr0p002_lk1p75_lr0p1_pen1-2-4-8_seed0_forget_paraphrase_qa/survival_curve.csv,0.1666666666666666,0.1666666666666666,0.8333333333333334,0.8333333333333334,0.0,0.0,0.0,1.0,1.0,5,0.3120363553365071,0.3359027862548828,3.732143640518189,0.0
hlc_sg_stress_sweep_k8_ilr0p001_olr0p002_lk1p75_lr0p1_pen1-2-4-8,hlc_sg_stress_sweep_k8_ilr0p001_olr0p002_lk1p75_lr0p1_pen1-2-4-8_seed0,0,forget_paraphrase_qa,32,runs/survival/hlc_stress_sweep_multitime/hlc_sg_stress_sweep_k8_ilr0p001_olr0p002_lk1p75_lr0p1_pen1-2-4-8_seed0_forget_paraphrase_qa/survival_curve.csv,0.1666666666666666,0.1666666666666666,0.8333333333333334,0.8333333333333334,0.0,0.0,0.0,1.0,1.0,5,1.179941177368164,1.203801155090332,3.8799257278442383,0.0
hlc_sg_stress_sweep_k8_ilr0p001_olr0p002_lk1p75_lr0p1_pen1-2-4-8,hlc_sg_stress_sweep_k8_ilr0p001_olr0p002_lk1p75_lr0p1_pen1-2-4-8_seed0,0,forget_paraphrase_qa,64,runs/survival/hlc_stress_sweep_multitime/hlc_sg_stress_sweep_k8_ilr0p001_olr0p002_lk1p75_lr0p1_pen1-2-4-8_seed0_forget_paraphrase_qa/survival_curve.csv,0.1666666666666666,0.8333333333333334,0.8333333333333334,0.1666666666666666,0.6666666666666667,0.6666666666666667,0.8,0.1999999999999999,0.8,5,2.6791709264119468,2.67056884765625,4.047684192657471,0.0
hlc_sg_stress_sweep_k8_ilr0p001_olr0p002_lk1p75_lr0p1_pen1-2-4-8,hlc_sg_stress_sweep_k8_ilr0p001_olr0p002_lk1p75_lr0p1_pen1-2-4-8_seed0,0,forget_paraphrase_qa,128,runs/survival/hlc_stress_sweep_multitime/hlc_sg_stress_sweep_k8_ilr0p001_olr0p002_lk1p75_lr0p1_pen1-2-4-8_seed0_forget_paraphrase_qa/survival_curve.csv,0.1666666666666666,1.0,0.8333333333333334,0.0,0.8333333333333334,0.8333333333333334,1.0,0.0,0.4499999999999999,5,2.9418081442515054,2.8521862030029297,4.437159538269043,0.0
hlc_sg_stress_sweep_k8_ilr0p001_olr0p002_lk2_lr0p1_pen1-2-4-8,hlc_sg_stress_sweep_k8_ilr0p001_olr0p002_lk2_lr0p1_pen1-2-4-8_seed0,0,forget_declarative,8,runs/survival/hlc_stress_sweep_multitime/hlc_sg_stress_sweep_k8_ilr0p001_olr0p002_lk2_lr0p1_pen1-2-4-8_seed0_forget_declarative/survival_curve.csv,0.1666666666666666,0.1666666666666666,0.8333333333333334,0.8333333333333334,0.0,0.0,0.0,1.0,1.0,5,0.1827247937520345,0.1899768829345703,3.663641929626465,0.0
hlc_sg_stress_sweep_k8_ilr0p001_olr0p002_lk2_lr0p1_pen1-2-4-8,hlc_sg_stress_sweep_k8_ilr0p001_olr0p002_lk2_lr0p1_pen1-2-4-8_seed0,0,forget_declarative,16,runs/survival/hlc_stress_sweep_multitime/hlc_sg_stress_sweep_k8_ilr0p001_olr0p002_lk2_lr0p1_pen1-2-4-8_seed0_forget_declarative/survival_curve.csv,0.1666666666666666,0.0,0.8333333333333334,1.0,-0.1666666666666666,-0.1666666666666666,0.0,1.0,1.0,5,-0.1491471926371256,0.3745954513549804,4.659557819366455,0.0
hlc_sg_stress_sweep_k8_ilr0p001_olr0p002_lk2_lr0p1_pen1-2-4-8,hlc_sg_stress_sweep_k8_ilr0p001_olr0p002_lk2_lr0p1_pen1-2-4-8_seed0,0,forget_declarative,32,runs/survival/hlc_stress_sweep_multitime/hlc_sg_stress_sweep_k8_ilr0p001_olr0p002_lk2_lr0p1_pen1-2-4-8_seed0_forget_declarative/survival_curve.csv,0.1666666666666666,0.0,0.8333333333333334,1.0,-0.1666666666666666,-0.1666666666666666,0.0,1.0,1.0,5,0.1839454968770345,0.6772571563720703,5.2706708908081055,0.0
hlc_sg_stress_sweep_k8_ilr0p001_olr0p002_lk2_lr0p1_pen1-2-4-8,hlc_sg_stress_sweep_k8_ilr0p001_olr0p002_lk2_lr0p1_pen1-2-4-8_seed0,0,forget_declarative,64,runs/survival/hlc_stress_sweep_multitime/hlc_sg_stress_sweep_k8_ilr0p001_olr0p002_lk2_lr0p1_pen1-2-4-8_seed0_forget_declarative/survival_curve.csv,0.1666666666666666,0.1666666666666666,0.8333333333333334,0.8333333333333334,0.0,0.0,0.0,1.0,1.0,5,1.2086974779764812,1.2887020111083984,5.7573041915893555,0.0
hlc_sg_stress_sweep_k8_ilr0p001_olr0p002_lk2_lr0p1_pen1-2-4-8,hlc_sg_stress_sweep_k8_ilr0p001_olr0p002_lk2_lr0p1_pen1-2-4-8_seed0,0,forget_declarative,128,runs/survival/hlc_stress_sweep_multitime/hlc_sg_stress_sweep_k8_ilr0p001_olr0p002_lk2_lr0p1_pen1-2-4-8_seed0_forget_declarative/survival_curve.csv,0.1666666666666666,1.0,0.8333333333333334,0.0,0.8333333333333334,0.8333333333333334,1.0,0.0,0.75,5,2.831242243448893,3.0031196594238283,10.676254272460938,0.0
hlc_sg_stress_sweep_k8_ilr0p001_olr0p002_lk2_lr0p1_pen1-2-4-8,hlc_sg_stress_sweep_k8_ilr0p001_olr0p002_lk2_lr0p1_pen1-2-4-8_seed0,0,forget_mixed_stress,8,runs/survival/hlc_stress_sweep_multitime/hlc_sg_stress_sweep_k8_ilr0p001_olr0p002_lk2_lr0p1_pen1-2-4-8_seed0_forget_mixed_stress/survival_curve.csv,0.1666666666666666,0.1666666666666666,0.8333333333333334,0.8333333333333334,0.0,0.0,0.0,1.0,1.0,5,0.150790532430013,0.1765302658081054,3.672019481658935,0.0
hlc_sg_stress_sweep_k8_ilr0p001_olr0p002_lk2_lr0p1_pen1-2-4-8,hlc_sg_stress_sweep_k8_ilr0p001_olr0p002_lk2_lr0p1_pen1-2-4-8_seed0,0,forget_mixed_stress,16,runs/survival/hlc_stress_sweep_multitime/hlc_sg_stress_sweep_k8_ilr0p001_olr0p002_lk2_lr0p1_pen1-2-4-8_seed0_forget_mixed_stress/survival_curve.csv,0.1666666666666666,0.1666666666666666,0.8333333333333334,0.8333333333333334,0.0,0.0,0.0,1.0,1.0,5,0.3063416481018066,0.3438955307006835,3.730595588684082,0.0
hlc_sg_stress_sweep_k8_ilr0p001_olr0p002_lk2_lr0p1_pen1-2-4-8,hlc_sg_stress_sweep_k8_ilr0p001_olr0p002_lk2_lr0p1_pen1-2-4-8_seed0,0,forget_mixed_stress,32,runs/survival/hlc_stress_sweep_multitime/hlc_sg_stress_sweep_k8_ilr0p001_olr0p002_lk2_lr0p1_pen1-2-4-8_seed0_forget_mixed_stress/survival_curve.csv,0.1666666666666666,0.1666666666666666,0.8333333333333334,0.8333333333333334,0.0,0.0,0.0,1.0,1.0,5,0.6696515083312988,0.7178169250488281,3.856829643249512,0.0
hlc_sg_stress_sweep_k8_ilr0p001_olr0p002_lk2_lr0p1_pen1-2-4-8,hlc_sg_stress_sweep_k8_ilr0p001_olr0p002_lk2_lr0p1_pen1-2-4-8_seed0,0,forget_mixed_stress,64,runs/survival/hlc_stress_sweep_multitime/hlc_sg_stress_sweep_k8_ilr0p001_olr0p002_lk2_lr0p1_pen1-2-4-8_seed0_forget_mixed_stress/survival_curve.csv,0.1666666666666666,0.3333333333333333,0.8333333333333334,0.6666666666666667,0.1666666666666666,0.1666666666666666,0.2,0.8,0.95,5,1.8041925430297852,1.8456792831420896,4.02448844909668,0.0
hlc_sg_stress_sweep_k8_ilr0p001_olr0p002_lk2_lr0p1_pen1-2-4-8,hlc_sg_stress_sweep_k8_ilr0p001_olr0p002_lk2_lr0p1_pen1-2-4-8_seed0,0,forget_mixed_stress,128,runs/survival/hlc_stress_sweep_multitime/hlc_sg_stress_sweep_k8_ilr0p001_olr0p002_lk2_lr0p1_pen1-2-4-8_seed0_forget_mixed_stress/survival_curve.csv,0.1666666666666666,1.0,0.8333333333333334,0.0,0.8333333333333334,0.8333333333333334,1.0,0.0,0.675,5,2.9182421366373696,2.873036575317383,4.309721946716309,0.0
hlc_sg_stress_sweep_k8_ilr0p001_olr0p002_lk2_lr0p1_pen1-2-4-8,hlc_sg_stress_sweep_k8_ilr0p001_olr0p002_lk2_lr0p1_pen1-2-4-8_seed0,0,forget_paraphrase_qa,8,runs/survival/hlc_stress_sweep_multitime/hlc_sg_stress_sweep_k8_ilr0p001_olr0p002_lk2_lr0p1_pen1-2-4-8_seed0_forget_paraphrase_qa/survival_curve.csv,0.1666666666666666,0.1666666666666666,0.8333333333333334,0.8333333333333334,0.0,0.0,0.0,1.0,1.0,5,0.1282486915588379,0.1501008987426758,3.6695501804351807,0.0
hlc_sg_stress_sweep_k8_ilr0p001_olr0p002_lk2_lr0p1_pen1-2-4-8,hlc_sg_stress_sweep_k8_ilr0p001_olr0p002_lk2_lr0p1_pen1-2-4-8_seed0,0,forget_paraphrase_qa,16,runs/survival/hlc_stress_sweep_multitime/hlc_sg_stress_sweep_k8_ilr0p001_olr0p002_lk2_lr0p1_pen1-2-4-8_seed0_forget_paraphrase_qa/survival_curve.csv,0.1666666666666666,0.1666666666666666,0.8333333333333334,0.8333333333333334,0.0,0.0,0.0,1.0,1.0,5,0.3137405713399251,0.3376510620117187,3.7307887077331543,0.0
hlc_sg_stress_sweep_k8_ilr0p001_olr0p002_lk2_lr0p1_pen1-2-4-8,hlc_sg_stress_sweep_k8_ilr0p001_olr0p002_lk2_lr0p1_pen1-2-4-8_seed0,0,forget_paraphrase_qa,32,runs/survival/hlc_stress_sweep_multitime/hlc_sg_stress_sweep_k8_ilr0p001_olr0p002_lk2_lr0p1_pen1-2-4-8_seed0_forget_paraphrase_qa/survival_curve.csv,0.1666666666666666,0.1666666666666666,0.8333333333333334,0.8333333333333334,0.0,0.0,0.0,1.0,1.0,5,0.741499106089274,0.7646133422851562,3.881064176559448,0.0
hlc_sg_stress_sweep_k8_ilr0p001_olr0p002_lk2_lr0p1_pen1-2-4-8,hlc_sg_stress_sweep_k8_ilr0p001_olr0p002_lk2_lr0p1_pen1-2-4-8_seed0,0,forget_paraphrase_qa,64,runs/survival/hlc_stress_sweep_multitime/hlc_sg_stress_sweep_k8_ilr0p001_olr0p002_lk2_lr0p1_pen1-2-4-8_seed0_forget_paraphrase_qa/survival_curve.csv,0.1666666666666666,1.0,0.8333333333333334,0.0,0.8333333333333334,0.8333333333333334,1.0,0.0,0.75,5,3.972456375757853,3.9307241439819336,4.062906265258789,0.0
hlc_sg_stress_sweep_k8_ilr0p001_olr0p002_lk2_lr0p1_pen1-2-4-8,hlc_sg_stress_sweep_k8_ilr0p001_olr0p002_lk2_lr0p1_pen1-2-4-8_seed0,0,forget_paraphrase_qa,128,runs/survival/hlc_stress_sweep_multitime/hlc_sg_stress_sweep_k8_ilr0p001_olr0p002_lk2_lr0p1_pen1-2-4-8_seed0_forget_paraphrase_qa/survival_curve.csv,0.1666666666666666,1.0,0.8333333333333334,0.0,0.8333333333333334,0.8333333333333334,1.0,0.0,0.375,5,6.579723437627156,6.611162757873535,4.395450592041016,0.0
hlc_sg_stress_sweep_k8_ilr0p001_olr0p002_lk3_lr0p1_pen1-2-4-8,hlc_sg_stress_sweep_k8_ilr0p001_olr0p002_lk3_lr0p1_pen1-2-4-8_seed0,0,forget_declarative,8,runs/survival/hlc_stress_sweep_multitime/hlc_sg_stress_sweep_k8_ilr0p001_olr0p002_lk3_lr0p1_pen1-2-4-8_seed0_forget_declarative/survival_curve.csv,0.1666666666666666,0.1666666666666666,0.8333333333333334,0.8333333333333334,0.0,0.0,0.0,1.0,1.0,5,0.1592137018839518,0.1672189712524414,3.6585707664489746,0.0
hlc_sg_stress_sweep_k8_ilr0p001_olr0p002_lk3_lr0p1_pen1-2-4-8,hlc_sg_stress_sweep_k8_ilr0p001_olr0p002_lk3_lr0p1_pen1-2-4-8_seed0,0,forget_declarative,16,runs/survival/hlc_stress_sweep_multitime/hlc_sg_stress_sweep_k8_ilr0p001_olr0p002_lk3_lr0p1_pen1-2-4-8_seed0_forget_declarative/survival_curve.csv,0.1666666666666666,0.0,0.8333333333333334,1.0,-0.1666666666666666,-0.1666666666666666,0.0,1.0,1.0,5,-0.1701084772745768,0.3641292572021484,4.78632116317749,0.0
hlc_sg_stress_sweep_k8_ilr0p001_olr0p002_lk3_lr0p1_pen1-2-4-8,hlc_sg_stress_sweep_k8_ilr0p001_olr0p002_lk3_lr0p1_pen1-2-4-8_seed0,0,forget_declarative,32,runs/survival/hlc_stress_sweep_multitime/hlc_sg_stress_sweep_k8_ilr0p001_olr0p002_lk3_lr0p1_pen1-2-4-8_seed0_forget_declarative/survival_curve.csv,0.1666666666666666,0.0,0.8333333333333334,1.0,-0.1666666666666666,-0.1666666666666666,0.0,1.0,1.0,5,0.1910354296366373,0.6978395462036133,4.7474493980407715,0.0
hlc_sg_stress_sweep_k8_ilr0p001_olr0p002_lk3_lr0p1_pen1-2-4-8,hlc_sg_stress_sweep_k8_ilr0p001_olr0p002_lk3_lr0p1_pen1-2-4-8_seed0,0,forget_declarative,64,runs/survival/hlc_stress_sweep_multitime/hlc_sg_stress_sweep_k8_ilr0p001_olr0p002_lk3_lr0p1_pen1-2-4-8_seed0_forget_declarative/survival_curve.csv,0.1666666666666666,0.0,0.8333333333333334,1.0,-0.1666666666666666,-0.1666666666666666,0.0,1.0,1.0,5,0.8597113291422526,1.1978174209594727,6.6806640625,0.0
hlc_sg_stress_sweep_k8_ilr0p001_olr0p002_lk3_lr0p1_pen1-2-4-8,hlc_sg_stress_sweep_k8_ilr0p001_olr0p002_lk3_lr0p1_pen1-2-4-8_seed0,0,forget_declarative,128,runs/survival/hlc_stress_sweep_multitime/hlc_sg_stress_sweep_k8_ilr0p001_olr0p002_lk3_lr0p1_pen1-2-4-8_seed0_forget_declarative/survival_curve.csv,0.1666666666666666,0.8333333333333334,0.8333333333333334,0.1666666666666666,0.6666666666666667,0.6666666666666667,0.8,0.1999999999999999,0.8,5,2.1135199864705405,2.331173324584961,9.215563774108888,0.0
hlc_sg_stress_sweep_k8_ilr0p001_olr0p002_lk3_lr0p1_pen1-2-4-8,hlc_sg_stress_sweep_k8_ilr0p001_olr0p002_lk3_lr0p1_pen1-2-4-8_seed0,0,forget_mixed_stress,8,runs/survival/hlc_stress_sweep_multitime/hlc_sg_stress_sweep_k8_ilr0p001_olr0p002_lk3_lr0p1_pen1-2-4-8_seed0_forget_mixed_stress/survival_curve.csv,0.1666666666666666,0.1666666666666666,0.8333333333333334,0.8333333333333334,0.0,0.0,0.0,1.0,1.0,5,0.1087225278218587,0.12630615234375,3.668304204940796,0.0
hlc_sg_stress_sweep_k8_ilr0p001_olr0p002_lk3_lr0p1_pen1-2-4-8,hlc_sg_stress_sweep_k8_ilr0p001_olr0p002_lk3_lr0p1_pen1-2-4-8_seed0,0,forget_mixed_stress,16,runs/survival/hlc_stress_sweep_multitime/hlc_sg_stress_sweep_k8_ilr0p001_olr0p002_lk3_lr0p1_pen1-2-4-8_seed0_forget_mixed_stress/survival_curve.csv,0.1666666666666666,0.0,0.8333333333333334,1.0,-0.1666666666666666,-0.1666666666666666,0.0,1.0,1.0,5,-0.0407667160034179,0.3058296203613281,3.7254042625427246,0.0
hlc_sg_stress_sweep_k8_ilr0p001_olr0p002_lk3_lr0p1_pen1-2-4-8,hlc_sg_stress_sweep_k8_ilr0p001_olr0p002_lk3_lr0p1_pen1-2-4-8_seed0,0,forget_mixed_stress,32,runs/survival/hlc_stress_sweep_multitime/hlc_sg_stress_sweep_k8_ilr0p001_olr0p002_lk3_lr0p1_pen1-2-4-8_seed0_forget_mixed_stress/survival_curve.csv,0.1666666666666666,0.1666666666666666,0.8333333333333334,0.8333333333333334,0.0,0.0,0.0,1.0,1.0,5,0.6327818234761556,0.677425765991211,3.8496389389038086,0.0
hlc_sg_stress_sweep_k8_ilr0p001_olr0p002_lk3_lr0p1_pen1-2-4-8,hlc_sg_stress_sweep_k8_ilr0p001_olr0p002_lk3_lr0p1_pen1-2-4-8_seed0,0,forget_mixed_stress,64,runs/survival/hlc_stress_sweep_multitime/hlc_sg_stress_sweep_k8_ilr0p001_olr0p002_lk3_lr0p1_pen1-2-4-8_seed0_forget_mixed_stress/survival_curve.csv,0.1666666666666666,0.3333333333333333,0.8333333333333334,0.6666666666666667,0.1666666666666666,0.1666666666666666,0.2,0.8,0.95,5,1.7256120045979817,1.7735069274902344,4.019290924072266,0.0
hlc_sg_stress_sweep_k8_ilr0p001_olr0p002_lk3_lr0p1_pen1-2-4-8,hlc_sg_stress_sweep_k8_ilr0p001_olr0p002_lk3_lr0p1_pen1-2-4-8_seed0,0,forget_mixed_stress,128,runs/survival/hlc_stress_sweep_multitime/hlc_sg_stress_sweep_k8_ilr0p001_olr0p002_lk3_lr0p1_pen1-2-4-8_seed0_forget_mixed_stress/survival_curve.csv,0.1666666666666666,1.0,0.8333333333333334,0.0,0.8333333333333334,0.8333333333333334,1.0,0.0,0.675,5,2.9163906574249268,2.884369468688965,4.324352264404297,0.0
hlc_sg_stress_sweep_k8_ilr0p001_olr0p002_lk3_lr0p1_pen1-2-4-8,hlc_sg_stress_sweep_k8_ilr0p001_olr0p002_lk3_lr0p1_pen1-2-4-8_seed0,0,forget_paraphrase_qa,8,runs/survival/hlc_stress_sweep_multitime/hlc_sg_stress_sweep_k8_ilr0p001_olr0p002_lk3_lr0p1_pen1-2-4-8_seed0_forget_paraphrase_qa/survival_curve.csv,0.1666666666666666,0.1666666666666666,0.8333333333333334,0.8333333333333334,0.0,0.0,0.0,1.0,1.0,5,0.1212496757507324,0.1429244995117187,3.670710563659668,0.0
hlc_sg_stress_sweep_k8_ilr0p001_olr0p002_lk3_lr0p1_pen1-2-4-8,hlc_sg_stress_sweep_k8_ilr0p001_olr0p002_lk3_lr0p1_pen1-2-4-8_seed0,0,forget_paraphrase_qa,16,runs/survival/hlc_stress_sweep_multitime/hlc_sg_stress_sweep_k8_ilr0p001_olr0p002_lk3_lr0p1_pen1-2-4-8_seed0_forget_paraphrase_qa/survival_curve.csv,0.1666666666666666,0.1666666666666666,0.8333333333333334,0.8333333333333334,0.0,0.0,0.0,1.0,1.0,5,0.3063894907633464,0.330340576171875,3.732341289520264,0.0
hlc_sg_stress_sweep_k8_ilr0p001_olr0p002_lk3_lr0p1_pen1-2-4-8,hlc_sg_stress_sweep_k8_ilr0p001_olr0p002_lk3_lr0p1_pen1-2-4-8_seed0,0,forget_paraphrase_qa,32,runs/survival/hlc_stress_sweep_multitime/hlc_sg_stress_sweep_k8_ilr0p001_olr0p002_lk3_lr0p1_pen1-2-4-8_seed0_forget_paraphrase_qa/survival_curve.csv,0.1666666666666666,0.1666666666666666,0.8333333333333334,0.8333333333333334,0.0,0.0,0.0,1.0,1.0,5,1.3080302874247234,1.2263620376586917,3.87444519996643,0.0
hlc_sg_stress_sweep_k8_ilr0p001_olr0p002_lk3_lr0p1_pen1-2-4-8,hlc_sg_stress_sweep_k8_ilr0p001_olr0p002_lk3_lr0p1_pen1-2-4-8_seed0,0,forget_paraphrase_qa,64,runs/survival/hlc_stress_sweep_multitime/hlc_sg_stress_sweep_k8_ilr0p001_olr0p002_lk3_lr0p1_pen1-2-4-8_seed0_forget_paraphrase_qa/survival_curve.csv,0.1666666666666666,0.5,0.8333333333333334,0.5,0.3333333333333333,0.3333333333333333,0.4,0.6,0.9,5,2.0713628133138022,1.9917146682739255,4.048173904418945,0.0
hlc_sg_stress_sweep_k8_ilr0p001_olr0p002_lk3_lr0p1_pen1-2-4-8,hlc_sg_stress_sweep_k8_ilr0p001_olr0p002_lk3_lr0p1_pen1-2-4-8_seed0,0,forget_paraphrase_qa,128,runs/survival/hlc_stress_sweep_multitime/hlc_sg_stress_sweep_k8_ilr0p001_olr0p002_lk3_lr0p1_pen1-2-4-8_seed0_forget_paraphrase_qa/survival_curve.csv,0.1666666666666666,1.0,0.8333333333333334,0.0,0.8333333333333334,0.8333333333333334,1.0,0.0,0.6,5,3.1084357102711997,2.691562271118164,4.433577537536621,0.0
HLC-SG stress-trained,hlc_sg_k8_stress_fullft_tofu50_seed0,0,forget_declarative,8,runs/survival/stress_hlc_retrained_seed0/hlc_sg_k8_stress_seed0_forget_declarative/survival_curve.csv,0.0,0.1666666666666666,1.0,0.8333333333333334,0.1666666666666666,0.1666666666666666,0.1666666666666666,0.8333333333333334,0.8958333333333334,6,0.1926891009012858,0.1926891009012858,3.654818058013916,0.0
HLC-SG stress-trained,hlc_sg_k8_stress_fullft_tofu50_seed0,0,forget_declarative,16,runs/survival/stress_hlc_retrained_seed0/hlc_sg_k8_stress_seed0_forget_declarative/survival_curve.csv,0.0,0.0,1.0,1.0,0.0,0.0,0.0,1.0,0.90625,6,0.1879069010416666,0.1879069010416666,4.6099371910095215,0.0
HLC-SG stress-trained,hlc_sg_k8_stress_fullft_tofu50_seed0,0,forget_declarative,32,runs/survival/stress_hlc_retrained_seed0/hlc_sg_k8_stress_seed0_forget_declarative/survival_curve.csv,0.0,0.1666666666666666,1.0,0.8333333333333334,0.1666666666666666,0.1666666666666666,0.1666666666666666,0.8333333333333334,0.9114583333333334,6,0.6417506535847982,0.6417506535847982,4.74260139465332,0.0
HLC-SG stress-trained,hlc_sg_k8_stress_fullft_tofu50_seed0,0,forget_declarative,64,runs/survival/stress_hlc_retrained_seed0/hlc_sg_k8_stress_seed0_forget_declarative/survival_curve.csv,0.0,0.0,1.0,1.0,0.0,0.0,0.0,1.0,0.9140625,6,0.8262100219726562,0.8262100219726562,8.161389350891113,0.0
HLC-SG stress-trained,hlc_sg_k8_stress_fullft_tofu50_seed0,0,forget_declarative,128,runs/survival/stress_hlc_retrained_seed0/hlc_sg_k8_stress_seed0_forget_declarative/survival_curve.csv,0.0,1.0,1.0,0.0,1.0,1.0,1.0,0.0,0.7070312500000001,6,2.723491589228312,2.723491589228312,8.471686363220215,0.0
HLC-SG stress-trained,hlc_sg_k8_stress_fullft_tofu50_seed0,0,forget_mixed_stress,8,runs/survival/stress_hlc_retrained_seed0/hlc_sg_k8_stress_seed0_forget_mixed_stress/survival_curve.csv,0.0,0.0,1.0,1.0,0.0,0.0,0.0,1.0,1.0,6,0.1306180953979492,0.1306180953979492,3.669711828231811,0.0
HLC-SG stress-trained,hlc_sg_k8_stress_fullft_tofu50_seed0,0,forget_mixed_stress,16,runs/survival/stress_hlc_retrained_seed0/hlc_sg_k8_stress_seed0_forget_mixed_stress/survival_curve.csv,0.0,0.1666666666666666,1.0,0.8333333333333334,0.1666666666666666,0.1666666666666666,0.1666666666666666,0.8333333333333334,0.9583333333333334,6,0.2837986946105957,0.2837986946105957,3.7314205169677734,0.0
HLC-SG stress-trained,hlc_sg_k8_stress_fullft_tofu50_seed0,0,forget_mixed_stress,32,runs/survival/stress_hlc_retrained_seed0/hlc_sg_k8_stress_seed0_forget_mixed_stress/survival_curve.csv,0.0,0.1666666666666666,1.0,0.8333333333333334,0.1666666666666666,0.1666666666666666,0.1666666666666666,0.8333333333333334,0.8958333333333334,6,0.6956202189127604,0.6956202189127604,3.8683972358703618,0.0
HLC-SG stress-trained,hlc_sg_k8_stress_fullft_tofu50_seed0,0,forget_mixed_stress,64,runs/survival/stress_hlc_retrained_seed0/hlc_sg_k8_stress_seed0_forget_mixed_stress/survival_curve.csv,0.0,0.3333333333333333,1.0,0.6666666666666667,0.3333333333333333,0.3333333333333332,0.3333333333333333,0.6666666666666667,0.8229166666666667,6,1.828872362772624,1.828872362772624,4.026886463165283,0.0
HLC-SG stress-trained,hlc_sg_k8_stress_fullft_tofu50_seed0,0,forget_mixed_stress,128,runs/survival/stress_hlc_retrained_seed0/hlc_sg_k8_stress_seed0_forget_mixed_stress/survival_curve.csv,0.0,1.0,1.0,0.0,1.0,1.0,1.0,0.0,0.578125,6,3.0411149660746255,3.0411149660746255,4.322466850280762,0.0
HLC-SG stress-trained,hlc_sg_k8_stress_fullft_tofu50_seed0,0,forget_paraphrase_qa,8,runs/survival/stress_hlc_retrained_seed0/hlc_sg_k8_stress_seed0_forget_paraphrase_qa/survival_curve.csv,0.0,0.0,1.0,1.0,0.0,0.0,0.0,1.0,1.0,6,0.1329523722330729,0.1329523722330729,3.6590871810913086,0.0
HLC-SG stress-trained,hlc_sg_k8_stress_fullft_tofu50_seed0,0,forget_paraphrase_qa,16,runs/survival/stress_hlc_retrained_seed0/hlc_sg_k8_stress_seed0_forget_paraphrase_qa/survival_curve.csv,0.0,0.1666666666666666,1.0,0.8333333333333334,0.1666666666666666,0.1666666666666666,0.1666666666666666,0.8333333333333334,0.9583333333333334,6,0.3056381543477376,0.3056381543477376,3.7221035957336426,0.0
HLC-SG stress-trained,hlc_sg_k8_stress_fullft_tofu50_seed0,0,forget_paraphrase_qa,32,runs/survival/stress_hlc_retrained_seed0/hlc_sg_k8_stress_seed0_forget_paraphrase_qa/survival_curve.csv,0.0,0.3333333333333333,1.0,0.6666666666666667,0.3333333333333333,0.3333333333333332,0.3333333333333333,0.6666666666666667,0.8541666666666667,6,1.650468826293945,1.650468826293945,3.8772432804107666,0.0
HLC-SG stress-trained,hlc_sg_k8_stress_fullft_tofu50_seed0,0,forget_paraphrase_qa,64,runs/survival/stress_hlc_retrained_seed0/hlc_sg_k8_stress_seed0_forget_paraphrase_qa/survival_curve.csv,0.0,1.0,1.0,0.0,1.0,1.0,1.0,0.0,0.59375,6,3.37714950243632,3.37714950243632,4.052206993103027,0.0
HLC-SG stress-trained,hlc_sg_k8_stress_fullft_tofu50_seed0,0,forget_paraphrase_qa,128,runs/survival/stress_hlc_retrained_seed0/hlc_sg_k8_stress_seed0_forget_paraphrase_qa/survival_curve.csv,0.0,1.0,1.0,0.0,1.0,1.0,1.0,0.0,0.296875,6,4.380972941716512,4.380972941716512,4.3789496421813965,0.0
HLC-SG,hlc_sg_k8_tuned_fullft_tofu50_seed0,0,forget_declarative,8,runs/survival/stress_lr5e3_matched/hlc_sg_k8_tuned_fullft_seed0_forget_declarative/survival_curve.csv,0.0,0.1666666666666666,1.0,0.8333333333333334,0.1666666666666666,0.1666666666666666,0.1666666666666666,0.8333333333333334,0.8958333333333334,6,0.1776418685913086,0.1776418685913086,3.650707244873047,0.0
HLC-SG,hlc_sg_k8_tuned_fullft_tofu50_seed0,0,forget_declarative,16,runs/survival/stress_lr5e3_matched/hlc_sg_k8_tuned_fullft_seed0_forget_declarative/survival_curve.csv,0.0,0.1666666666666666,1.0,0.8333333333333334,0.1666666666666666,0.1666666666666666,0.1666666666666666,0.8333333333333334,0.8645833333333334,6,0.3344925244649251,0.3344925244649251,3.7161810398101807,0.0
HLC-SG,hlc_sg_k8_tuned_fullft_tofu50_seed0,0,forget_declarative,32,runs/survival/stress_lr5e3_matched/hlc_sg_k8_tuned_fullft_seed0_forget_declarative/survival_curve.csv,0.0,0.0,1.0,1.0,0.0,0.0,0.0,1.0,0.890625,6,0.120616594950358,0.120616594950358,6.8253703117370605,0.0
HLC-SG,hlc_sg_k8_tuned_fullft_tofu50_seed0,0,forget_declarative,64,runs/survival/stress_lr5e3_matched/hlc_sg_k8_tuned_fullft_seed0_forget_declarative/survival_curve.csv,0.0,0.1666666666666666,1.0,0.8333333333333334,0.1666666666666666,0.1666666666666666,0.1666666666666666,0.8333333333333334,0.9036458333333334,6,1.1206361452738445,1.1206361452738445,5.963172435760498,0.0
HLC-SG,hlc_sg_k8_tuned_fullft_tofu50_seed0,0,forget_declarative,128,runs/survival/stress_lr5e3_matched/hlc_sg_k8_tuned_fullft_seed0_forget_declarative/survival_curve.csv,0.0,1.0,1.0,0.0,1.0,1.0,1.0,0.0,0.6601562500000001,6,2.573772430419922,2.573772430419922,9.39411163330078,0.0
HLC-SG,hlc_sg_k8_tuned_fullft_tofu50_seed0,0,forget_mixed_stress,8,runs/survival/stress_lr5e3_matched/hlc_sg_k8_tuned_fullft_seed0_forget_mixed_stress/survival_curve.csv,0.0,0.0,1.0,1.0,0.0,0.0,0.0,1.0,1.0,6,0.1434755325317382,0.1434755325317382,3.6678597927093506,0.0
HLC-SG,hlc_sg_k8_tuned_fullft_tofu50_seed0,0,forget_mixed_stress,16,runs/survival/stress_lr5e3_matched/hlc_sg_k8_tuned_fullft_seed0_forget_mixed_stress/survival_curve.csv,0.0,0.1666666666666666,1.0,0.8333333333333334,0.1666666666666666,0.1666666666666666,0.1666666666666666,0.8333333333333334,0.9583333333333334,6,0.3057141304016113,0.3057141304016113,3.728513240814209,0.0
HLC-SG,hlc_sg_k8_tuned_fullft_tofu50_seed0,0,forget_mixed_stress,32,runs/survival/stress_lr5e3_matched/hlc_sg_k8_tuned_fullft_seed0_forget_mixed_stress/survival_curve.csv,0.0,0.1666666666666666,1.0,0.8333333333333334,0.1666666666666666,0.1666666666666666,0.1666666666666666,0.8333333333333334,0.8958333333333334,6,0.7147447268168131,0.7147447268168131,3.8523881435394287,0.0
HLC-SG,hlc_sg_k8_tuned_fullft_tofu50_seed0,0,forget_mixed_stress,64,runs/survival/stress_lr5e3_matched/hlc_sg_k8_tuned_fullft_seed0_forget_mixed_stress/survival_curve.csv,0.0,0.3333333333333333,1.0,0.6666666666666667,0.3333333333333333,0.3333333333333332,0.3333333333333333,0.6666666666666667,0.8229166666666667,6,1.8413836161295576,1.8413836161295576,4.023110866546631,0.0
HLC-SG,hlc_sg_k8_tuned_fullft_tofu50_seed0,0,forget_mixed_stress,128,runs/survival/stress_lr5e3_matched/hlc_sg_k8_tuned_fullft_seed0_forget_mixed_stress/survival_curve.csv,0.0,1.0,1.0,0.0,1.0,1.0,1.0,0.0,0.578125,6,3.0292676289876304,3.0292676289876304,4.322179794311523,0.0
HLC-SG,hlc_sg_k8_tuned_fullft_tofu50_seed0,0,forget_paraphrase_qa,8,runs/survival/stress_lr5e3_matched/hlc_sg_k8_tuned_fullft_seed0_forget_paraphrase_qa/survival_curve.csv,0.0,0.0,1.0,1.0,0.0,0.0,0.0,1.0,1.0,6,0.1307450930277506,0.1307450930277506,3.661893129348755,0.0
HLC-SG,hlc_sg_k8_tuned_fullft_tofu50_seed0,0,forget_paraphrase_qa,16,runs/survival/stress_lr5e3_matched/hlc_sg_k8_tuned_fullft_seed0_forget_paraphrase_qa/survival_curve.csv,0.0,0.1666666666666666,1.0,0.8333333333333334,0.1666666666666666,0.1666666666666666,0.1666666666666666,0.8333333333333334,0.9583333333333334,6,0.3139761288960774,0.3139761288960774,3.723228931427002,0.0
HLC-SG,hlc_sg_k8_tuned_fullft_tofu50_seed0,0,forget_paraphrase_qa,32,runs/survival/stress_lr5e3_matched/hlc_sg_k8_tuned_fullft_seed0_forget_paraphrase_qa/survival_curve.csv,0.0,0.1666666666666666,1.0,0.8333333333333334,0.1666666666666666,0.1666666666666666,0.1666666666666666,0.8333333333333334,0.8958333333333334,6,0.7775810559590658,0.7775810559590658,3.866569757461548,0.0
HLC-SG,hlc_sg_k8_tuned_fullft_tofu50_seed0,0,forget_paraphrase_qa,64,runs/survival/stress_lr5e3_matched/hlc_sg_k8_tuned_fullft_seed0_forget_paraphrase_qa/survival_curve.csv,0.0,1.0,1.0,0.0,1.0,1.0,1.0,0.0,0.65625,6,6.4213352998097735,6.4213352998097735,4.04520845413208,0.0
HLC-SG,hlc_sg_k8_tuned_fullft_tofu50_seed0,0,forget_paraphrase_qa,128,runs/survival/stress_lr5e3_matched/hlc_sg_k8_tuned_fullft_seed0_forget_paraphrase_qa/survival_curve.csv,0.0,1.0,1.0,0.0,1.0,1.0,1.0,0.0,0.328125,6,6.7474610805511475,6.7474610805511475,4.385272026062012,0.0
Strong NPO,npo_strong_matched_seed0_st600_fw1_b0p3,0,forget_declarative,8,runs/survival/stress_lr5e3_matched/npo_strong_matched_seed0_st600_fw1_b0p3_forget_declarative/survival_curve.csv,0.0,0.0,1.0,1.0,0.0,0.0,0.0,1.0,1.0,6,0.3666785558064778,0.3666785558064778,3.479879140853882,0.0
Strong NPO,npo_strong_matched_seed0_st600_fw1_b0p3,0,forget_declarative,16,runs/survival/stress_lr5e3_matched/npo_strong_matched_seed0_st600_fw1_b0p3_forget_declarative/survival_curve.csv,0.0,0.0,1.0,1.0,0.0,0.0,0.0,1.0,1.0,6,0.7057609558105469,0.7057609558105469,3.5326852798461914,0.0
Strong NPO,npo_strong_matched_seed0_st600_fw1_b0p3,0,forget_declarative,32,runs/survival/stress_lr5e3_matched/npo_strong_matched_seed0_st600_fw1_b0p3_forget_declarative/survival_curve.csv,0.0,0.0,1.0,1.0,0.0,0.0,0.0,1.0,1.0,6,1.4142125447591145,1.4142125447591145,3.7204744815826416,0.0
Strong NPO,npo_strong_matched_seed0_st600_fw1_b0p3,0,forget_declarative,64,runs/survival/stress_lr5e3_matched/npo_strong_matched_seed0_st600_fw1_b0p3_forget_declarative/survival_curve.csv,0.0,0.0,1.0,1.0,0.0,0.0,0.0,1.0,1.0,6,2.596747875213623,2.596747875213623,4.009006500244141,0.0
Strong NPO,npo_strong_matched_seed0_st600_fw1_b0p3,0,forget_declarative,128,runs/survival/stress_lr5e3_matched/npo_strong_matched_seed0_st600_fw1_b0p3_forget_declarative/survival_curve.csv,0.0,0.1666666666666666,1.0,0.8333333333333334,0.1666666666666666,0.1666666666666666,0.1666666666666666,0.8333333333333334,0.9583333333333334,6,4.772876262664795,4.772876262664795,5.63267707824707,0.0
Strong NPO,npo_strong_matched_seed0_st600_fw1_b0p3,0,forget_mixed_stress,8,runs/survival/stress_lr5e3_matched/npo_strong_matched_seed0_st600_fw1_b0p3_forget_mixed_stress/survival_curve.csv,0.0,0.0,1.0,1.0,0.0,0.0,0.0,1.0,1.0,6,0.2848714192708333,0.2848714192708333,3.4941747188568115,0.0
Strong NPO,npo_strong_matched_seed0_st600_fw1_b0p3,0,forget_mixed_stress,16,runs/survival/stress_lr5e3_matched/npo_strong_matched_seed0_st600_fw1_b0p3_forget_mixed_stress/survival_curve.csv,0.0,0.0,1.0,1.0,0.0,0.0,0.0,1.0,1.0,6,0.5828355153401693,0.5828355153401693,3.5407392978668213,0.0
Strong NPO,npo_strong_matched_seed0_st600_fw1_b0p3,0,forget_mixed_stress,32,runs/survival/stress_lr5e3_matched/npo_strong_matched_seed0_st600_fw1_b0p3_forget_mixed_stress/survival_curve.csv,0.0,0.0,1.0,1.0,0.0,0.0,0.0,1.0,1.0,6,1.2181355158487956,1.2181355158487956,3.628394603729248,0.0
Strong NPO,npo_strong_matched_seed0_st600_fw1_b0p3,0,forget_mixed_stress,64,runs/survival/stress_lr5e3_matched/npo_strong_matched_seed0_st600_fw1_b0p3_forget_mixed_stress/survival_curve.csv,0.0,0.0,1.0,1.0,0.0,0.0,0.0,1.0,1.0,6,2.5053933461507163,2.5053933461507163,3.733785390853882,0.0
Strong NPO,npo_strong_matched_seed0_st600_fw1_b0p3,0,forget_mixed_stress,128,runs/survival/stress_lr5e3_matched/npo_strong_matched_seed0_st600_fw1_b0p3_forget_mixed_stress/survival_curve.csv,0.0,0.3333333333333333,1.0,0.6666666666666667,0.3333333333333333,0.3333333333333332,0.3333333333333333,0.6666666666666667,0.9166666666666669,6,4.19086233774821,4.19086233774821,3.978944540023804,0.0
Strong NPO,npo_strong_matched_seed0_st600_fw1_b0p3,0,forget_paraphrase_qa,8,runs/survival/stress_lr5e3_matched/npo_strong_matched_seed0_st600_fw1_b0p3_forget_paraphrase_qa/survival_curve.csv,0.0,0.0,1.0,1.0,0.0,0.0,0.0,1.0,1.0,6,0.3074913024902344,0.3074913024902344,3.4982714653015137,0.0
Strong NPO,npo_strong_matched_seed0_st600_fw1_b0p3,0,forget_paraphrase_qa,16,runs/survival/stress_lr5e3_matched/npo_strong_matched_seed0_st600_fw1_b0p3_forget_paraphrase_qa/survival_curve.csv,0.0,0.0,1.0,1.0,0.0,0.0,0.0,1.0,1.0,6,0.571195920308431,0.571195920308431,3.5333423614501953,0.0
Strong NPO,npo_strong_matched_seed0_st600_fw1_b0p3,0,forget_paraphrase_qa,32,runs/survival/stress_lr5e3_matched/npo_strong_matched_seed0_st600_fw1_b0p3_forget_paraphrase_qa/survival_curve.csv,0.0,0.0,1.0,1.0,0.0,0.0,0.0,1.0,1.0,6,1.177320162455241,1.177320162455241,3.615442991256714,0.0
Strong NPO,npo_strong_matched_seed0_st600_fw1_b0p3,0,forget_paraphrase_qa,64,runs/survival/stress_lr5e3_matched/npo_strong_matched_seed0_st600_fw1_b0p3_forget_paraphrase_qa/survival_curve.csv,0.0,0.0,1.0,1.0,0.0,0.0,0.0,1.0,1.0,6,2.814046065012614,2.814046065012614,3.756646871566773,0.0
Strong NPO,npo_strong_matched_seed0_st600_fw1_b0p3,0,forget_paraphrase_qa,128,runs/survival/stress_lr5e3_matched/npo_strong_matched_seed0_st600_fw1_b0p3_forget_paraphrase_qa/survival_curve.csv,0.0,0.1666666666666666,1.0,0.8333333333333334,0.1666666666666666,0.1666666666666666,0.1666666666666666,0.8333333333333334,0.9583333333333334,6,5.014588197072347,5.014588197072347,4.0724639892578125,0.0
